REFERENCIA_ORDENADA,COD_ACERVO,SEMESTRE,PERIODO,ANO,VOLUME,TIPO_BIBLIOGRAFIA,COD_DISCIPLINA,DESC_DISCIPLINA,CODIGO_DEPARTAMENTO,SEQ_PROGRAMA,NOME_DEPARTAMENTO,COD_BIBLIOTECA,RESPONSAVEL,AQU_ITEM,VAGAS,QTDE_EMP,DESC_BIBLIOTECA,QTDE_EXE,VAGAS_EXE,CONCEITO
"BORENTEIN, Mirian; PADILHA, Maria Itayra; SANTOS, Iraci. Enfermagem: história de uma profissão..  DIFUSÃO, 2011. ",-2836,1,1,2016,,B¿sica**,GSA002,Contexto social e profissional da enfermagem I,1400,1400201611,ENFERMAGEM - DIURNO,1,,,40,0,Biblioteca Chapecó,0,,
"PORTO, Fernando; AMORIN, Wellington. História da enfermagem.  YENDIS, 2010. ",-2837,1,1,2016,,B¿sica**,GSA002,Contexto social e profissional da enfermagem I,1400,1400201611,ENFERMAGEM - DIURNO,1,,,40,0,Biblioteca Chapecó,0,,
"BARREIRA, Ieda de Alencar. A reconfiguração da prática da enfermagem brasileira em meados do século 20.  Revista Texto contexto, v. 14, n. 4, p. 480-487,, 2005. ",-2838,1,1,2016,,Complementar**,GSA002,Contexto social e profissional da enfermagem I,1400,1400201611,ENFERMAGEM - DIURNO,1,,,40,0,Biblioteca Chapecó,0,,
"CORBELLINI, Valéria Lamb; MEDEIROS, Marilú Fontoura. Fragmentos da história: a enfermeira tornando-se sujeito de si mesma..  Revista Brasileira de Enfermagem, v. 59, p. 397-402,, 2006. ",-2839,1,1,2016,,Complementar**,GSA002,Contexto social e profissional da enfermagem I,1400,1400201611,ENFERMAGEM - DIURNO,1,,,40,0,Biblioteca Chapecó,0,,
"COSTA, Roberta et al. O legado de Florence Nightingale: uma viagem no tempo..  Revista Texto contexto, v. 18, n. 4, p. 661-669, 2009. ",-2840,1,1,2016,,Complementar**,GSA002,Contexto social e profissional da enfermagem I,1400,1400201611,ENFERMAGEM - DIURNO,1,,,40,0,Biblioteca Chapecó,0,,
"HAMILTON, Wanda; FONSECA, Cristina. Política, atores e interesses no processo de mudança institucional: a criação do Ministério da Saúde em 1953.  História Ciência Saúde de Manguinhos, v. 10, n. 3, p. 791-825,, 2003. ",-2841,1,1,2016,,Complementar**,GSA002,Contexto social e profissional da enfermagem I,1400,1400201611,ENFERMAGEM - DIURNO,1,,,40,0,Biblioteca Chapecó,0,,
"PADILHA, Maria Itayra Coelho de Souza; MANCIA, Joel Rolim. Florence Nightingale e as irmãs de caridade: revisitando a história.  Revista Brasileira de Enfermagem, v. 58, n. 6, p. 723-726,, 2005. ",-2842,1,1,2016,,Complementar**,GSA002,Contexto social e profissional da enfermagem I,1400,1400201611,ENFERMAGEM - DIURNO,1,,,40,0,Biblioteca Chapecó,0,,
"SANGLARD, Gisele. Hospitais: espaços de cura e lugares de memória da saúde..  Anais Museu Paulista, v. 15, n. 2, p. 257-289, 2007. ",-2843,1,1,2016,,Complementar**,GSA002,Contexto social e profissional da enfermagem I,1400,1400201611,ENFERMAGEM - DIURNO,1,,,40,0,Biblioteca Chapecó,0,,
"TEIXEIRA, Luiz Antonio; ALMEIDA, Marta. Os primórdios da vacina antivariólica em São Paulo: uma história pouco conhecida. História Ciência Saúde de Manguinhos,.  História Ciência Saúde de Manguinhos, v. 10, suplemento 2, p. 475-498, 2003. ",-2844,1,1,2016,,Complementar**,GSA002,Contexto social e profissional da enfermagem I,1400,1400201611,ENFERMAGEM - DIURNO,1,,,40,0,Biblioteca Chapecó,0,,
"CZERESNIA, Dina, FREITAS, Carlos Machado de. Promoção de saúde: conceitos, reflexões, tendências.  Rio de Janeiro: Fiocruz, 2003. ",-2827,1,1,2016,,B¿sica**,GSA004,Fundamentos da saúde pública,1400,1400201611,ENFERMAGEM - DIURNO,1,,,40,0,Biblioteca Chapecó,0,,
"VASCONCELOS, Eymard Mourão. Educação popular nos serviços de Saúde.  são Paulo: Hucitec, 1997. ",-2828,1,1,2016,,B¿sica**,GSA004,Fundamentos da saúde pública,1400,1400201611,ENFERMAGEM - DIURNO,1,,,40,0,Biblioteca Chapecó,0,,
"CAMPOS, Gastão Wagner de Souza. Reforma da Reforma: repensando a saúde..  São Paulo: Hucitec, 1992. ",-2829,1,1,2016,,Complementar**,GSA004,Fundamentos da saúde pública,1400,1400201611,ENFERMAGEM - DIURNO,1,,,40,0,Biblioteca Chapecó,0,,
"CRUZ, José Francisco das Graças. Assistência à Saúde no Brasil: evolução e o Sistema Único de Saúde..  Pelotas: Educat, 1998. ",-2830,1,1,2016,,Complementar**,GSA004,Fundamentos da saúde pública,1400,1400201611,ENFERMAGEM - DIURNO,1,,,40,0,Biblioteca Chapecó,0,,
"FINKELMAN, Jacobo (org.). Caminhos da Saúde Pública no Brasil.  Rio de Janeiro: Editora Fiocruz, 2002. ",-2831,1,1,2016,,Complementar**,GSA004,Fundamentos da saúde pública,1400,1400201611,ENFERMAGEM - DIURNO,1,,,40,0,Biblioteca Chapecó,0,,
"PAIM, Jairnilson Silva; FILHO, Naomar Almeida. A CRISE DA SAÚDE PÚBLICA E A UTOPIA DA SAÚDE COLETIVA.  Salvador: Casa da Qualidade Editora, 2000. ",-2832,1,1,2016,,Complementar**,GSA004,Fundamentos da saúde pública,1400,1400201611,ENFERMAGEM - DIURNO,1,,,40,0,Biblioteca Chapecó,0,,
"REZENDE, A L. M. de. Saúde, dialética do pensar e do fazer.  São Paulo: Cortez, 1989. ",-2833,1,1,2016,,Complementar**,GSA004,Fundamentos da saúde pública,1400,1400201611,ENFERMAGEM - DIURNO,1,,,40,0,Biblioteca Chapecó,0,,
"SAUPE,Rosita (org.). Educação em Enfermagem: da realidade construída à possibilidade em construção..  Florianópolis: Editora da UFSC, 1998. ",-2834,1,1,2016,,Complementar**,GSA004,Fundamentos da saúde pública,1400,1400201611,ENFERMAGEM - DIURNO,1,,,40,0,Biblioteca Chapecó,0,,
"VASCONCELOS, Eymard Mourão et al. Educação popular e a atenção a saúde da família..  São Paulo: Hucitec, 1999. ",-2835,1,1,2016,,Complementar**,GSA004,Fundamentos da saúde pública,1400,1400201611,ENFERMAGEM - DIURNO,1,,,40,0,Biblioteca Chapecó,0,,
"AXT, Gunter. As guerras dos gaúchos: história dos conflitos do Rio Grande do Sul..  Porto Alegre: Nova Prova, 2008. ",-2820,1,1,2016,,B¿sica**,GCH029,História da Fronteira Sul,1400,1400201611,ENFERMAGEM - DIURNO,1,,,40,0,Biblioteca Chapecó,0,,
"BOEIRA, Nelson; GOLIN, Tau. História Geral do Rio Grande do Sul. Passo Fundo: Méritos,.  Passo Fundo: Méritos, 2006. ",-2821,1,1,2016,6,B¿sica**,GCH029,História da Fronteira Sul,1400,1400201611,ENFERMAGEM - DIURNO,1,,,40,0,Biblioteca Chapecó,0,,
"CEOM. Para uma história do Oeste Catarinense. 10 anos de CEOM. Chapecó:.  Chapecó: UNOESC, 1995. ",-2822,1,1,2016,,B¿sica**,GCH029,História da Fronteira Sul,1400,1400201611,ENFERMAGEM - DIURNO,1,,,40,0,Biblioteca Chapecó,0,,
"WACHOWICZ, Ruy Christovam. História do Paraná..  Curitiba: Gráfica Vicentina, 1998. ",-2823,1,1,2016,,B¿sica**,GCH029,História da Fronteira Sul,1400,1400201611,ENFERMAGEM - DIURNO,1,,,40,0,Biblioteca Chapecó,0,,
"CABRAL, Oswaldo Rodrigues. História de Santa Catarina.  Florianópolis/Rio de Janeiro: Sec/Laudes, 1970. ",-2824,1,1,2016,,Complementar**,GCH029,História da Fronteira Sul,1400,1400201611,ENFERMAGEM - DIURNO,1,,,40,0,Biblioteca Chapecó,0,,
"SANTOS, Sílvio Coelho dos. Índios e brancos no Sul do Brasil.  Florianópolis: Lunardelli, 1973. ",-2825,1,1,2016,,Complementar**,GCH029,História da Fronteira Sul,1400,1400201611,ENFERMAGEM - DIURNO,1,,,40,0,Biblioteca Chapecó,0,,
"VALENTINI, Delmir José. Atividades da Brazil Railway Company no sul do Brasil: a instalação da Lumber e a guerra na região do contestado: 1906-1916..  Porto Alegre: PUC/RS, 2009. ",-2826,1,1,2016,,Complementar**,GCH029,História da Fronteira Sul,1400,1400201611,ENFERMAGEM - DIURNO,1,,,40,0,Biblioteca Chapecó,0,,
"MEYER, M.; BABER, R.; PFAFFENBERGER, B. Nosso futuro e o computador..  Porto Alegre: Bookman, 1999. ",-2819,1,1,2016,,Complementar**,GEX002,Introdução à Informática,1400,1400201611,ENFERMAGEM - DIURNO,1,,,40,0,Biblioteca Chapecó,0,,
"VIANA, Antonio C. Roteiro de redação: lendo e argumentando.  São Paulo: Scipione, 1997. ",-2812,1,1,2016,,B¿sica**,GLA001,Leitura e Produção Textual I,1400,1400201611,ENFERMAGEM - DIURNO,1,,,40,0,Biblioteca Chapecó,0,,
"MOTTA-ROTH, Desirré (Org.). Redação Acadêmica: princípios básicos.  Santa Maria: Imprensa Universitária, 2001. ",-2813,1,1,2016,,Complementar**,GLA001,Leitura e Produção Textual I,1400,1400201611,ENFERMAGEM - DIURNO,1,,,40,0,Biblioteca Chapecó,0,,
"LIMA, Elon Lages; CARVALHO, P. C. P.; WAGNER, E. et al. A matemática do ensino médio..  5. Rio de Janeiro: SBM, 2001. ",-2814,1,1,2016,3,B¿sica**,GEX001,Matemática Instrumental,1400,1400201611,ENFERMAGEM - DIURNO,1,,,40,0,Biblioteca Chapecó,0,,
"CARVALHO, Paulo César Pinto. Introdução à geometria espacial.  Rio de Janeiro: SBM, 1993. ",-2815,1,1,2016,,Complementar**,GEX001,Matemática Instrumental,1400,1400201611,ENFERMAGEM - DIURNO,1,,,40,0,Biblioteca Chapecó,0,,
"HEFEZ, Abramo. Elementos de Aritmética. Textos Universitários.  Rio de Janeiro: IMPA, 2005. ",-2816,1,1,2016,,Complementar**,GEX001,Matemática Instrumental,1400,1400201611,ENFERMAGEM - DIURNO,1,,,40,0,Biblioteca Chapecó,0,,
"NEWTON-SMITH, W. H. Lógica: um curso introdutório.  Lisboa: Editora Gradiva, 1998. ",-2817,1,1,2016,,Complementar**,GEX001,Matemática Instrumental,1400,1400201611,ENFERMAGEM - DIURNO,1,,,40,0,Biblioteca Chapecó,0,,
"SÉRATES, J. Raciocínio lógico: lógico matemático, lógico quantitativo, lógico numérico, lógico analítico, lógico crítico.  5. Brasília: Gráfica e Editora Olímpica Ltda, 1995. ",-2818,1,1,2016,,Complementar**,GEX001,Matemática Instrumental,1400,1400201611,ENFERMAGEM - DIURNO,1,,,40,0,Biblioteca Chapecó,0,,
"SMELTZER, Suzanne C.; BARE, Brenda G. Tratado de Enfermagem Médico ¿ Cirúrgica.  10. Rio de Janeiro: Guanabara Koogan, 2005. ",-3333,1,10,2016,1 e 2,B¿sica**,GSA220,Assistência de enfermagem domiciliar,1400,14002016110,ENFERMAGEM - DIURNO,1,,,40,0,Biblioteca Chapecó,0,,
"ALMEIDA, M. C. O saber de enfermagem e sua dimensão prática.  São Paulo: Cortez, 1986. ",-3334,1,10,2016,,Complementar**,GSA220,Assistência de enfermagem domiciliar,1400,14002016110,ENFERMAGEM - DIURNO,1,,,40,0,Biblioteca Chapecó,0,,
"SILVA, Graciette Borges da. Enfermagem profissional: análise crítica.  2. São Paulo: Cortez, 1989. ",-3335,1,10,2016,,Complementar**,GSA220,Assistência de enfermagem domiciliar,1400,14002016110,ENFERMAGEM - DIURNO,1,,,40,0,Biblioteca Chapecó,0,,
"WALDOW, V. R. Cuidado humano: o resgate necessário.  Porto Alegre: Sagra Luzzatto, 2001. ",-3336,1,10,2016,,Complementar**,GSA220,Assistência de enfermagem domiciliar,1400,14002016110,ENFERMAGEM - DIURNO,1,,,40,0,Biblioteca Chapecó,0,,
"BACKES, V. M. S. et al. Competência dos enfermeiros em problematizar a realidade do serviço de saúde no contexto do Sistema Único de Saúde.  Texto contextoEnfermagem, v. 16, n. 4, p.727-736,, dez, 2007. ",-3337,1,10,2016,,B¿sica**,GSA224,Didática aplicada à saúde e à enfermagem,1400,14002016110,ENFERMAGEM - DIURNO,1,,,40,0,Biblioteca Chapecó,0,,
"GANDIN, Danilo; CRUZ, Carlos H. C. Planejamento na Sala de Aula.  Porto Alegre: 1995. ",-3339,1,10,2016,,B¿sica**,GSA224,Didática aplicada à saúde e à enfermagem,1400,14002016110,ENFERMAGEM - DIURNO,1,,,40,0,Biblioteca Chapecó,0,,
"GANDIN, Danilo. Planejamento como prática educativa.  São Paulo: Loyola, 1983. ",-3338,1,10,2016,,B¿sica**,GSA224,Didática aplicada à saúde e à enfermagem,1400,14002016110,ENFERMAGEM - DIURNO,1,,,40,0,Biblioteca Chapecó,0,,
"LUCKESI, Cipriano C. Avaliação da aprendizagem.  18. São Paulo: Cortez, 2006. ",-3340,1,10,2016,,B¿sica**,GSA224,Didática aplicada à saúde e à enfermagem,1400,14002016110,ENFERMAGEM - DIURNO,1,,,40,0,Biblioteca Chapecó,0,,
"FREIRE, P. Educação em mudança.  Rio de Janeiro: Paz e Terra, 1979. ",-3341,1,10,2016,,Complementar**,GSA224,Didática aplicada à saúde e à enfermagem,1400,14002016110,ENFERMAGEM - DIURNO,1,,,40,0,Biblioteca Chapecó,0,,
"GADOTTI, M. Perspectivas atuais da educação..  Porto Alegre: ARTMED, 2000. ",-3342,1,10,2016,,Complementar**,GSA224,Didática aplicada à saúde e à enfermagem,1400,14002016110,ENFERMAGEM - DIURNO,1,,,40,0,Biblioteca Chapecó,0,,
"VEIGA, Ilma Passos A.; RESENDE, Lúcia M. G. (Org.). Escola: Espaço do Projeto Político-Pedagógico.  Campinas: Papirus, 1998. ",-3343,1,10,2016,,Complementar**,GSA224,Didática aplicada à saúde e à enfermagem,1400,14002016110,ENFERMAGEM - DIURNO,1,,,40,0,Biblioteca Chapecó,0,,
"PASSOS, Mauro Romero Leal; GONÇALVES, Adrelírio José Rios; VIEIRA, Alba Regina Machado; TIBÚRCIO, Alberto Saraiva; CANALINI, Alfredo (Colab.). Doenças sexualmente transmissíveis.  4. Rio de Janeiro: Cultura Médica, 1995. ",-3344,1,10,2016,,B¿sica**,GSA221,Enfermagem e as doenças transmissíveis e não-transmissíveis,1400,14002016110,ENFERMAGEM - DIURNO,1,,,40,0,Biblioteca Chapecó,0,,
"ARAÚJO, Maria José Bezerra de. Ações de enfermagem em saúde pública e em doenças transmissíveis..  3. Rio de Janeiro: Bezerra de Araújo, 1990. ",-3346,1,10,2016,,Complementar**,GSA221,Enfermagem e as doenças transmissíveis e não-transmissíveis,1400,14002016110,ENFERMAGEM - DIURNO,1,,,40,0,Biblioteca Chapecó,0,,1
"AYRES, José Ricardo de Carvalho Mesquita. Epidemiologia e emancipação.  São Paulo/Rio de Janeiro: Hucitec/ABRASCO, 1995. ",-3347,1,10,2016,,Complementar**,GSA221,Enfermagem e as doenças transmissíveis e não-transmissíveis,1400,14002016110,ENFERMAGEM - DIURNO,1,,,40,0,Biblioteca Chapecó,0,,1
"COUTO, Renato Camargos; PEDROSA, Tânia Maria Grillo; NOGUEIRA, José Mauro. Infecção hospitalar: epidemiologia e controle.  Rio de Janeiro: Medsi, 1997. ",-3348,1,10,2016,,Complementar**,GSA221,Enfermagem e as doenças transmissíveis e não-transmissíveis,1400,14002016110,ENFERMAGEM - DIURNO,1,,,40,0,Biblioteca Chapecó,0,,1
"FISCHBACH, Frances Talaska; CABRAL, Ivone Evangelista (Trad.). Manual de enfermagem: exames laboratoriais e diagnósticos.  6. Rio de Janeiro: Guanabara Koogan, 2002. ",-3349,1,10,2016,,Complementar**,GSA221,Enfermagem e as doenças transmissíveis e não-transmissíveis,1400,14002016110,ENFERMAGEM - DIURNO,1,,,40,0,Biblioteca Chapecó,0,,1
"FORATTINI, Oswaldo Paulo. Epidemiologia geral.  2. São Paulo: Artes Médicas, 1996. ",-3350,1,10,2016,,Complementar**,GSA221,Enfermagem e as doenças transmissíveis e não-transmissíveis,1400,14002016110,ENFERMAGEM - DIURNO,1,,,40,0,Biblioteca Chapecó,0,,1
"HORTA, Wanda de Aguiar; CASTELLANOS, Brigitta E. P. (Colab.). Processo de Enfermagem..  São Paulo: E.P.U, 1979. ",-3351,1,10,2016,,Complementar**,GSA221,Enfermagem e as doenças transmissíveis e não-transmissíveis,1400,14002016110,ENFERMAGEM - DIURNO,1,,,40,0,Biblioteca Chapecó,0,,1
"MORSE, S.; MORELAND, A.; HOLMES, K. Atlas de doenças sexualmente transmissíveis e AIDS.  2. Porto Alegre: Artes Médicas, 1997. ",-3352,1,10,2016,,Complementar**,GSA221,Enfermagem e as doenças transmissíveis e não-transmissíveis,1400,14002016110,ENFERMAGEM - DIURNO,1,,,40,0,Biblioteca Chapecó,0,,1
"TAVARES, Walter; MARINHO, Luiz Alberto Carneiro (Ed.). Rotinas de diagnóstico e tratamento de doenças infecciosas e parasitárias..  São Paulo: Atheneu, 2005. ",-3354,1,10,2016,,Complementar**,GSA221,Enfermagem e as doenças transmissíveis e não-transmissíveis,1400,14002016110,ENFERMAGEM - DIURNO,1,,,40,0,Biblioteca Chapecó,0,,1
"BRITO, Lucinda Ferreira. Por uma gramática de línguas de sinais.  Rio de Janeiro: Tempo Brasileiro, 1995. ",-3357,1,10,2016,,B¿sica**,GLA045,Língua brasileira de sinais (Libras),1400,14002016110,ENFERMAGEM - DIURNO,1,,,40,0,Biblioteca Chapecó,0,,
"COUTINHO, Denise. LIBRAS e Língua Portuguesa: Semelhanças e diferenças..  João Pessoa: Arpoador, 2000. ",-3358,1,10,2016,,B¿sica**,GLA045,Língua brasileira de sinais (Libras),1400,14002016110,ENFERMAGEM - DIURNO,1,,,40,0,Biblioteca Chapecó,0,,
"FELIPE, Tanya; MONTEIRO, Myrna. LIBRAS em Contexto: Curso Básico: Livro do Professor..  4. Rio de Janeiro: LIBRAS Editora Gráfica, 2005. ",-3359,1,10,2016,,B¿sica**,GLA045,Língua brasileira de sinais (Libras),1400,14002016110,ENFERMAGEM - DIURNO,1,,,40,0,Biblioteca Chapecó,0,,
"LABORIT, Emmauelle. O Vôo da Gaivota.  Paris: Editora Best Seller, 1994. ",-3360,1,10,2016,,Complementar**,GLA045,Língua brasileira de sinais (Libras),1400,14002016110,ENFERMAGEM - DIURNO,1,,,40,0,Biblioteca Chapecó,0,,
"MOURA, Maria Cecília de. Língua de Sinais e Educação do Surdo.  Série neuropsicológica. São Paulo: TEC ART, 1993. ",-3362,1,10,2016,3,Complementar**,GLA045,Língua brasileira de sinais (Libras),1400,14002016110,ENFERMAGEM - DIURNO,1,,,40,0,Biblioteca Chapecó,0,,
"MOURA, Maria Cecília de. O surdo: caminhos para uma nova identidade.  Rio de Janeiro: Ed. Revinter, 2000. ",-3361,1,10,2016,,Complementar**,GLA045,Língua brasileira de sinais (Libras),1400,14002016110,ENFERMAGEM - DIURNO,1,,,40,0,Biblioteca Chapecó,0,,
"PIMENTA, Nelson; QUADROS, Ronice Muller de. Curso de LIBRAS 1.  1. Rio de Janeiro: LSB Vídeo, 2006. ",-3363,1,10,2016,,Complementar**,GLA045,Língua brasileira de sinais (Libras),1400,14002016110,ENFERMAGEM - DIURNO,1,,,40,0,Biblioteca Chapecó,0,,
"BARBOSA, M. A. A utilização de terapias alternativas por enfermeiros brasileiros. [tese].  São Paulo: Universidade de São Paulo, Escola de Enfermagem, 1994. ",-3364,1,10,2016,,B¿sica**,GSA218,Práticas alternativas ou complementares de saúde e a enfermagem,1400,14002016110,ENFERMAGEM - DIURNO,1,,,40,0,Biblioteca Chapecó,0,,
"GEORGE, J. B. et al. Teorias de Enfermagem.  Porto Alegre: Artes Médicas, 1993. ",-3365,1,10,2016,,B¿sica**,GSA218,Práticas alternativas ou complementares de saúde e a enfermagem,1400,14002016110,ENFERMAGEM - DIURNO,1,,,40,0,Biblioteca Chapecó,0,,
"BARNARD, J. Um Guia para os Remédios Florais do Dr. Bach.  8. São Paulo: Pensamento, 2004. ",-3366,1,10,2016,,Complementar**,GSA218,Práticas alternativas ou complementares de saúde e a enfermagem,1400,14002016110,ENFERMAGEM - DIURNO,1,,,40,0,Biblioteca Chapecó,0,,1
"CHANCELLOR, P. M. Manual Ilustrado dos Remédios Florais do Dr. Bach.  8. São Paulo: Pensamento, 1998. ",-3367,1,10,2016,,Complementar**,GSA218,Práticas alternativas ou complementares de saúde e a enfermagem,1400,14002016110,ENFERMAGEM - DIURNO,1,,,40,0,Biblioteca Chapecó,0,,1
"GASPAR, E. D. Cromoterapia: cores para a vida e para a saúde.  2. Rio de Janeiro: Pallas, 1997. ",-3368,1,10,2016,,Complementar**,GSA218,Práticas alternativas ou complementares de saúde e a enfermagem,1400,14002016110,ENFERMAGEM - DIURNO,1,,,40,0,Biblioteca Chapecó,0,,1
"MACIOCIA, G. Diagnóstico na Medicina Chinesa: um guia geral.  São Paulo: Roca, 2005. ",-3369,1,10,2016,,Complementar**,GSA218,Práticas alternativas ou complementares de saúde e a enfermagem,1400,14002016110,ENFERMAGEM - DIURNO,1,,,40,0,Biblioteca Chapecó,0,,1
"MACIOCIA, G. Os fundamentos da Medicina Chinesa.  São Paulo: Roca, 2006. ",-3370,1,10,2016,,Complementar**,GSA218,Práticas alternativas ou complementares de saúde e a enfermagem,1400,14002016110,ENFERMAGEM - DIURNO,1,,,40,0,Biblioteca Chapecó,0,,1
"MARINI, E. Cromoterapia. Dicas e orientações de como as cores podem mudar sua vida..  Rio de Janeiro: Nova Era, 2002. ",-3371,1,10,2016,,Complementar**,GSA218,Práticas alternativas ou complementares de saúde e a enfermagem,1400,14002016110,ENFERMAGEM - DIURNO,1,,,40,0,Biblioteca Chapecó,0,,1
"NUNES, R. Compêndio científico de cromoterapia.  4. Brasília: L.G.E, 2001. ",-3372,1,10,2016,,Complementar**,GSA218,Práticas alternativas ou complementares de saúde e a enfermagem,1400,14002016110,ENFERMAGEM - DIURNO,1,,,40,0,Biblioteca Chapecó,0,,1
"NUNES, R. Dinâmica da cromoterapia.  5. Brasília: Linha Gráfica, 1998. ",-3373,1,10,2016,,Complementar**,GSA218,Práticas alternativas ou complementares de saúde e a enfermagem,1400,14002016110,ENFERMAGEM - DIURNO,1,,,40,0,Biblioteca Chapecó,0,,1
"ROSE, J. O livro da Aromaterapia: aplicações e inalações.  Rio de Janeiro: Campus, 1995. ",-3374,1,10,2016,,Complementar**,GSA218,Práticas alternativas ou complementares de saúde e a enfermagem,1400,14002016110,ENFERMAGEM - DIURNO,1,,,40,0,Biblioteca Chapecó,0,,1
"SOARES, S. M. Práticas terapêuticas no serviço público de saúde: buscar caminhos e descaminhos [tese]..  São Paulo: Faculdade de Saúde Pública, Universidade de São Paulo, 2000. ",-3375,1,10,2016,,Complementar**,GSA218,Práticas alternativas ou complementares de saúde e a enfermagem,1400,14002016110,ENFERMAGEM - DIURNO,1,,,40,0,Biblioteca Chapecó,0,,1
"LEOPARDI, Maria Tereza. Teoria e método em assistência de enfermagem..  Florianópolis: Soldasoft, 2006. ",-3376,1,10,2016,,B¿sica**,GSA222,Projeto de prática assistencial em saúde e enfermagem,1400,14002016110,ENFERMAGEM - DIURNO,1,,,40,0,Biblioteca Chapecó,0,,
"LEOPARDI, Maria Tereza. Teorias em Enfermagem: instrumentos para a prática..  Florianópolis: NFR/UFSC - Editora Papa-livros, 1999. ",-3377,1,10,2016,,B¿sica**,GSA222,Projeto de prática assistencial em saúde e enfermagem,1400,14002016110,ENFERMAGEM - DIURNO,1,,,40,0,Biblioteca Chapecó,0,,
ASSOCIAÇÃO PSIQUIÁTRICA AMERICANA (APA). Manual Diagnóstico e Estatístico de Doenças Mentais.  4. Washington: 1994. ,-3378,1,10,2016,,B¿sica**,GSA223,Psicopatologia,1400,14002016110,ENFERMAGEM - DIURNO,1,,,40,0,Biblioteca Chapecó,0,,
"HIGGINS, E. S.; GEORGE, M. S. Neurociências para psiquiatria clínica ¿ A fisiopatologia do comportamento e da doença mental.  1. Porto Alegre: Artmed, 2010. ",-3379,1,10,2016,,B¿sica**,GSA223,Psicopatologia,1400,14002016110,ENFERMAGEM - DIURNO,1,,,40,0,Biblioteca Chapecó,0,,
"KAPCZINSKI, F.; QUEVEDO, J.; IZQUIERDO, I. et al. Bases Biológicas dos Transtornos Psiquiátricos..  2. Porto Alegre: Artmed, 2004. ",-3380,1,10,2016,,B¿sica**,GSA223,Psicopatologia,1400,14002016110,ENFERMAGEM - DIURNO,1,,,40,0,Biblioteca Chapecó,0,,
"BARLOW, D. H.; DURAND, V. M. Psicopatologia - Uma Abordagem Integrada.  4. São Paulo: Cengage, 2008. ",-3381,1,10,2016,,Complementar**,GSA223,Psicopatologia,1400,14002016110,ENFERMAGEM - DIURNO,1,,,40,0,Biblioteca Chapecó,0,,
"BERGERET, J.; BÉCACHE, A.; BOULANGER, J. J.; CHARTIER, J. P.; DUBOR, P.; HOUSER, M.; LUSTIN, J. J. Psicopatologia ¿ Teoria e Clínica.  9. Porto Alegre: Artmed, 2006. ",-3382,1,10,2016,,Complementar**,GSA223,Psicopatologia,1400,14002016110,ENFERMAGEM - DIURNO,1,,,40,0,Biblioteca Chapecó,0,,
"DE ALMEIDA, R. N. Psicofarmacologia - Fundamentos Práticos. 1. Rio de Janeiro: Guanabara Koogan, 2006. ",-3383,1,10,2016,,Complementar**,GSA223,Psicopatologia,1400,14002016110,ENFERMAGEM - DIURNO,1,,,40,0,Biblioteca Chapecó,0,,
"DIEHL, A.; CORDEIRO, D. C.; LARANJEIRA, R. et al. Tratamentos farmacológicos para dependência química ¿ Da evidência científica à prática clínica.  Porto Alegre: Artmed, 2010. ",-3384,1,10,2016,,Complementar**,GSA223,Psicopatologia,1400,14002016110,ENFERMAGEM - DIURNO,1,,,40,0,Biblioteca Chapecó,0,,
"MARCELLI, D.; BRACONNIER, A. Adolescência e Psicopatologia.  6. Porto Alegre: Artmed, 2007. ",-3385,1,10,2016,,Complementar**,GSA223,Psicopatologia,1400,14002016110,ENFERMAGEM - DIURNO,1,,,40,0,Biblioteca Chapecó,0,,
"ROUDINESCO, E.; PLON, M. Dicionário de Psicanálise.  1. Rio de Janeiro: Editora Jorge Zahar, 1998. ",-3386,1,10,2016,,Complementar**,GSA223,Psicopatologia,1400,14002016110,ENFERMAGEM - DIURNO,1,,,40,0,Biblioteca Chapecó,0,,
"STAHL, S. M. Psicofarmacologia: Depressão e Transtornos Bipolares.  2. Rio de Janeiro: Medsi, 2003. ",-3387,1,10,2016,,Complementar**,GSA223,Psicopatologia,1400,14002016110,ENFERMAGEM - DIURNO,1,,,40,0,Biblioteca Chapecó,0,,
"YUDOFSKY, S. C.; HALES, R. E. Neuropsiquiatria e Neurociências na Prática Clínica..  4. Porto Alegre: Artmed, 2006. ",-3388,1,10,2016,,Complementar**,GSA223,Psicopatologia,1400,14002016110,ENFERMAGEM - DIURNO,1,,,40,0,Biblioteca Chapecó,0,,
"MENDES, René. Patologia do trabalho.  2. São Paulo: Atheneu, 2005. ",-3389,1,10,2016,1 e 2,B¿sica**,GSA219,Saúde do trabalhador e as doenças relacionadas ao trabalhador,1400,14002016110,ENFERMAGEM - DIURNO,1,,,40,0,Biblioteca Chapecó,0,,
"ABREU, Romeu Carlos Lopes de. Circulos de controle de qualidade CCQ.  Rio de Janeiro: Edição do Autor, 1987. ",-3390,1,10,2016,,Complementar**,GSA219,Saúde do trabalhador e as doenças relacionadas ao trabalhador,1400,14002016110,ENFERMAGEM - DIURNO,1,,,40,0,Biblioteca Chapecó,0,,1
"BULHÕES, Ivone. Avaliação de saúde em enfermagem do trabalho: principais técnicas utilizadas nos exames pré-admissionais e periódicos.  2. Rio de Janeiro: Bezerra de Araújo, 1989. ",-3391,1,10,2016,,Complementar**,GSA219,Saúde do trabalhador e as doenças relacionadas ao trabalhador,1400,14002016110,ENFERMAGEM - DIURNO,1,,,40,0,Biblioteca Chapecó,0,,1
"CROSBY, Philip B.; SANTOS, José Carlos Barbosa dos (Trad.). Qualidade - falando sério..  São Paulo: McGraw-Hil, 1990. ",-3392,1,10,2016,,Complementar**,GSA219,Saúde do trabalhador e as doenças relacionadas ao trabalhador,1400,14002016110,ENFERMAGEM - DIURNO,1,,,40,0,Biblioteca Chapecó,0,,1
"DALLARI, Sueli Gandolfi. A saúde do brasileiro.  6. São Paulo: Moderna, 1992. ",-3393,1,10,2016,,Complementar**,GSA219,Saúde do trabalhador e as doenças relacionadas ao trabalhador,1400,14002016110,ENFERMAGEM - DIURNO,1,,,40,0,Biblioteca Chapecó,0,,1
"DEJOURS, Christophe; PARAGUAY, Ana Isabel; FERREIRA, Lúcia Leal (Trad.). A loucura do trabalho: estudo de psicopatologia do trabalho.  5. São Paulo: Cortez, Oboré, 1992. ",-3394,1,10,2016,,Complementar**,GSA219,Saúde do trabalhador e as doenças relacionadas ao trabalhador,1400,14002016110,ENFERMAGEM - DIURNO,1,,,40,0,Biblioteca Chapecó,0,,1
"GOMEZ, Carlos Minayo; FRIGOTTO, Gaudencio; ARRUDA, Marcos; ARROYO, Miguel; NOSELLA, Paolo. Trabalho e conhecimento: dilemas da educação do trabalhador.  2. São Paulo: Cortez, 1989. ",-3395,1,10,2016,,Complementar**,GSA219,Saúde do trabalhador e as doenças relacionadas ao trabalhador,1400,14002016110,ENFERMAGEM - DIURNO,1,,,40,0,Biblioteca Chapecó,0,,1
"HELOANI, Roberto. Organização do trabalho e administração: uma visão multidisciplinar..  São Paulo: Cortez, 1994. ",-3396,1,10,2016,,Complementar**,GSA219,Saúde do trabalhador e as doenças relacionadas ao trabalhador,1400,14002016110,ENFERMAGEM - DIURNO,1,,,40,0,Biblioteca Chapecó,0,,1
"RIGOTTO, Raquel Maria; BUSCHINELLI, José Tarcísio Penteado; ROCHA, Lys Esther (Org.). Isto é trabalho de gente?: vida, doença e trabalho no Brasil.  São Paulo: Vozes, 1994. ",-3397,1,10,2016,,Complementar**,GSA219,Saúde do trabalhador e as doenças relacionadas ao trabalhador,1400,14002016110,ENFERMAGEM - DIURNO,1,,,40,0,Biblioteca Chapecó,0,,1
"RODRIGUES, Marcus Vinícius Carvalho. Qualidade de vida no trabalho: evolução e análise no nível gerencial..  7. Petrópolis-RJ: Vozes, 2000. ",-3398,1,10,2016,,Complementar**,GSA219,Saúde do trabalhador e as doenças relacionadas ao trabalhador,1400,14002016110,ENFERMAGEM - DIURNO,1,,,40,0,Biblioteca Chapecó,0,,1
"SALIBA, Tuffi Messias; CORRÊA, Márcia Angelim Chaves. Insalubridade e periculosidade: aspectos técnicos e práticos.  5. São Paulo: LTr, 2000. ",-3399,1,10,2016,,Complementar**,GSA219,Saúde do trabalhador e as doenças relacionadas ao trabalhador,1400,14002016110,ENFERMAGEM - DIURNO,1,,,40,0,Biblioteca Chapecó,0,,1
"BARDIN, Laurence. Análise de Conteúdo.  Lisboa: Edições 70, 2008. ",-3400,1,10,2016,,B¿sica**,GSA049,Trabalho de conclusão de curso II,1400,14002016110,ENFERMAGEM - DIURNO,1,,,40,0,Biblioteca Chapecó,0,,
"STRYER, L. Bioquímica.  6. Rio de Janeiro: Guanabara Koogan, 2008. ",-2846,1,2,2016,,B¿sica**,GCB004,Bioquímica básica,1400,1400201612,ENFERMAGEM - DIURNO,1,,,40,0,Biblioteca Chapecó,0,,
"COMPRI-NARDY, M. B.; STELLA, M. B.; OLIVEIRA, C. Práticas de Laboratório de Bioquímica e Biofísica..  1. Rio de Janeiro: Guanabara Koogan: 2009. ",-2847,1,2,2016,,Complementar**,GCB004,Bioquímica básica,1400,1400201612,ENFERMAGEM - DIURNO,1,,,40,0,Biblioteca Chapecó,0,,
"PRATT, C. W.; CORNELY, K. Bioquímica Essencial.  1. Rio de Janeiro: Guanabara Koogan, 2006. ",-2848,1,2,2016,,Complementar**,GCB004,Bioquímica básica,1400,1400201612,ENFERMAGEM - DIURNO,1,,,40,0,Biblioteca Chapecó,0,,
"SACKHEIM, G. I.; LEHMAN, D. D. Química e Bioquímica para Ciências Biomédicas..  8. Barueri: Manole, 2001. ",-2853,1,2,2016,,Complementar**,GCB004,Bioquímica básica,1400,1400201612,ENFERMAGEM - DIURNO,1,,,40,0,Biblioteca Chapecó,0,,
"PIEZZI, R. S.; FORNÉS, M. W. Novo Atlas de Histologia Normal de Di Fiore.  1. Rio de Janeiro: Guanabara Koogan, 2008. ",-2854,1,2,2016,,Complementar**,GCB008,Citologia e histologia básica,1400,1400201612,ENFERMAGEM - DIURNO,1,,,40,0,Biblioteca Chapecó,0,,
"GELAIN, Ivo. Ética, bioética e os profissionais da enfermagem.  São Paulo: E.P.U, 2010. ",-2855,1,2,2016,,B¿sica**,GSA003,Contexto social e profissional da enfermagem II,1400,1400201612,ENFERMAGEM - DIURNO,1,,,40,0,Biblioteca Chapecó,0,,
"PINTO, Luiz Henrique; SILVA, Adriana. Código de ética dos profissionais de enfermagem.  Atheneu,, 2008. ",-2856,1,2,2016,,B¿sica**,GSA003,Contexto social e profissional da enfermagem II,1400,1400201612,ENFERMAGEM - DIURNO,1,,,40,0,Biblioteca Chapecó,0,,
"OGUISSO, Taka. Ética no contexto da prática de enfermagem.  MEDBOOK, 2010. ",-2857,1,2,2016,,Complementar**,GSA003,Contexto social e profissional da enfermagem II,1400,1400201612,ENFERMAGEM - DIURNO,1,,,40,0,Biblioteca Chapecó,0,,
"SILVA, José Vitor; BRAGA, Cristiane. Teorias de enfermagem.  ERICA, 2011. ",-2858,1,2,2016,,Complementar**,GSA003,Contexto social e profissional da enfermagem II,1400,1400201612,ENFERMAGEM - DIURNO,1,,,40,0,Biblioteca Chapecó,0,,
"SOUZA, Herbert José de; RODRIGUES, Carla. Ética e cidadania.  11. São Paulo: Moderna, 1996. ",-2859,1,2,2016,,Complementar**,GSA003,Contexto social e profissional da enfermagem II,1400,1400201612,ENFERMAGEM - DIURNO,1,,,40,0,Biblioteca Chapecó,0,,
"BARINI, R. Medicina Fetal - Da Embriologia ao Cuidado Neonatal.  1. Rio de Janeiro: Guanabara Koogan,, 2010. ",-2860,1,2,2016,,Complementar**,GCB113,Embriologia,1400,1400201612,ENFERMAGEM - DIURNO,1,,,40,0,Biblioteca Chapecó,0,,
"CATALA, M. Embriologia: Desenvolvimento Humano Inicial..  1. Rio de Janeiro: Guanabara Koogan,, 2010. ",-2861,1,2,2016,,Complementar**,GCB113,Embriologia,1400,1400201612,ENFERMAGEM - DIURNO,1,,,40,0,Biblioteca Chapecó,0,,
"COCHARD, L. R. Atlas de Embriologia Humana de Netter..  1. Porto alegre: Artmed, 2003. ",-2862,1,2,2016,,Complementar**,GCB113,Embriologia,1400,1400201612,ENFERMAGEM - DIURNO,1,,,40,0,Biblioteca Chapecó,0,,
"ROHEN, J. W.; LUTJEN-DRECOLL, E. Embriologia Funciona.  2. Rio de Janeiro: Guanabara Koogan,, 2005. ",-2863,1,2,2016,,Complementar**,GCB113,Embriologia,1400,1400201612,ENFERMAGEM - DIURNO,1,,,40,0,Biblioteca Chapecó,0,,
"CARVALHO, S. Estatística Básica: teoria e 150 questões.  Rio de Janeiro: Elsevier: Elsevier, 2006. ",-2864,1,2,2016,,Complementar**,GEX006,Estatística Básica,1400,1400201612,ENFERMAGEM - DIURNO,1,,,40,0,Biblioteca Chapecó,0,,
"COHN, Gabriel (Org.). Max Weber:. Sociologia..  2. São Paulo: Atica, 1982. ",-2865,1,2,2016,,B¿sica**,GCH011,Introdução ao Pensamento Social,1400,1400201612,ENFERMAGEM - DIURNO,1,,,40,0,Biblioteca Chapecó,0,,
"IANNI, Octávio (Org.). Karl Marx: Sociologia.  São Paulo. Ática: 1982. ",-2866,1,2,2016,,B¿sica**,GCH011,Introdução ao Pensamento Social,1400,1400201612,ENFERMAGEM - DIURNO,1,,,40,0,Biblioteca Chapecó,0,,
"LEVINE, Donald N. Visões da tradição sociológica.  Rio de Janeiro: Jorge Zahar, 1997. ",-2867,1,2,2016,,B¿sica**,GCH011,Introdução ao Pensamento Social,1400,1400201612,ENFERMAGEM - DIURNO,1,,,40,0,Biblioteca Chapecó,0,,
"COMTE, Augusto. Comte. (Coletânea Grandes Cientistas Sociais)..  3. São Paulo: Ática, 1989. ",-2868,1,2,2016,,Complementar**,GCH011,Introdução ao Pensamento Social,1400,1400201612,ENFERMAGEM - DIURNO,1,,,40,0,Biblioteca Chapecó,0,,
"MORARES FILHO, Evaristo de (Org.). Georg Simmel: sociologia.  São Paulo: Ática,, 1983 ",-2869,1,2,2016,,Complementar**,GCH011,Introdução ao Pensamento Social,1400,1400201612,ENFERMAGEM - DIURNO,1,,,40,0,Biblioteca Chapecó,0,,
"CITELLI, Adilson. O texto argumentativo.  São Paulo: Scipione, 1994. ",-2870,1,2,2016,,B¿sica**,GLA004,Leitura e Produção Textual II,1400,1400201612,ENFERMAGEM - DIURNO,1,,,40,0,Biblioteca Chapecó,0,,
"CARRARO, T. E.; MARY, E. A. Metodologia para assistência de enfermagem: teorização, modelos e subsídios para a prática.  Goiânia: AB, 2001. ",-2871,1,2,2016,,B¿sica**,GSA008,Saúde coletiva I,1400,1400201612,ENFERMAGEM - DIURNO,1,,,40,0,Biblioteca Chapecó,0,,
"CARVALHO, Sergio Resende. Saúde Coletiva e Promoção da saúde: sujeito e mudança..  Hucitec, 2005. ",-2872,1,2,2016,,B¿sica**,GSA008,Saúde coletiva I,1400,1400201612,ENFERMAGEM - DIURNO,1,,,40,0,Biblioteca Chapecó,0,,
"EGRY, E. Y. Saúde coletiva ¿ construindo um novo método em enfermagem.  São Paulo: Ícone,, 1996. ",-2873,1,2,2016,,Complementar**,GSA008,Saúde coletiva I,1400,1400201612,ENFERMAGEM - DIURNO,1,,,40,0,Biblioteca Chapecó,0,,
"RAMOS, Flávia Regina Souza et al. Um encontro de enfermagem com o adolescente brasileiro..  Brasília: ABEN, 2000. ",-2874,1,2,2016,,Complementar**,GSA008,Saúde coletiva I,1400,1400201612,ENFERMAGEM - DIURNO,1,,,40,0,Biblioteca Chapecó,0,,
"GOLDBERG, S. Neuroanatomia Clínica.  3. Porto Alegre: Artmed, 2010. ",-2950,1,3,2016,,B¿sica**,GCB018,Anatomia I,1400,1400201613,ENFERMAGEM - DIURNO,1,,,40,0,Biblioteca Chapecó,0,,
"SNELL, R. S. Neuroanatomia Clínica para Estudantes de Medicina.  5. Rio de Janeiro: Guanabara Koogan,, 2003. ",-2951,1,3,2016,,Complementar**,GCB018,Anatomia I,1400,1400201613,ENFERMAGEM - DIURNO,1,,,40,0,Biblioteca Chapecó,0,,
"CIANCIARULLO, Tamara Iwanow. Instrumentos básicos para o cuidar: um desafio para a qualidade de assistência.  São Paulo: Atheneu, 2001. ",-2952,1,3,2016,,B¿sica**,GSA010,Contexto social e profissional da enfermagem III,1400,1400201613,ENFERMAGEM - DIURNO,1,,,40,0,Biblioteca Chapecó,0,,
"CIANCIARULLO, Tamara Iwanow. Um desafio para a qualidade da assistência..  São Paulo: Atheneu, 2003. ",-2953,1,3,2016,,B¿sica**,GSA010,Contexto social e profissional da enfermagem III,1400,1400201613,ENFERMAGEM - DIURNO,1,,,40,0,Biblioteca Chapecó,0,,
"TANNURE, M. C.; PINHEIRO, A. M. SAE ¿ Sistematização da Assistência de Enfermagem..  Guanabara: Koogan, 2010. ",-2954,1,3,2016,,B¿sica**,GSA010,Contexto social e profissional da enfermagem III,1400,1400201613,ENFERMAGEM - DIURNO,1,,,40,0,Biblioteca Chapecó,0,,
"ARRUDA, M. Humanizando o infra-humano: a formação do ser humano integral: homo evolutivo, práxis e economia solidária.  Rio de Janeiro: Vozes, 2003. ",-2955,1,3,2016,,Complementar**,GSA010,Contexto social e profissional da enfermagem III,1400,1400201613,ENFERMAGEM - DIURNO,1,,,40,0,Biblioteca Chapecó,0,,
"DUGAS, B. W. Enfermagem prática.  4. Rio de Janeiro: Guanabara Koogan,, 1986. ",-2956,1,3,2016,,Complementar**,GSA010,Contexto social e profissional da enfermagem III,1400,1400201613,ENFERMAGEM - DIURNO,1,,,40,0,Biblioteca Chapecó,0,,
"STEFANELLI, M. C. Comunicação com paciente: teoria e ensino.  2. São Paulo: Robe, 1993. ",-2957,1,3,2016,,Complementar**,GSA010,Contexto social e profissional da enfermagem III,1400,1400201613,ENFERMAGEM - DIURNO,1,,,40,0,Biblioteca Chapecó,0,,
"WALDOW, V. R.; LOPES, M. J. M.; MEYER, D. E. Maneiras de cuidar, maneiras de ensinar: a enfermagem entre a escola e a prática profissional.  Porto Alegre: Artes médicas, 1995. ",-2958,1,3,2016,,Complementar**,GSA010,Contexto social e profissional da enfermagem III,1400,1400201613,ENFERMAGEM - DIURNO,1,,,40,0,Biblioteca Chapecó,0,,
"WEBER, Bernardete; DEMENEGHI, Lídia Suzana. Assistência integral: o paciente como núcleo e a equipe como célula..  Porto Alegre: Hospital Moinhos de Vento, 1997. ",-2959,1,3,2016,,Complementar**,GSA010,Contexto social e profissional da enfermagem III,1400,1400201613,ENFERMAGEM - DIURNO,1,,,40,0,Biblioteca Chapecó,0,,
"CARVALHO, José Murilo. Desenvolvimento da cidadania no Brasil..  México: Fundo de Cultura Econômica, 1995. ",-2960,1,3,2016,,B¿sica**,GCS010,Direitos e Cidadania,1400,1400201613,ENFERMAGEM - DIURNO,1,,,40,0,Biblioteca Chapecó,0,,
"MARSHALL, T. H. Cidadania, classe social e status.  Rio de Janeiro: Zahar, 1967. ",-2961,1,3,2016,,B¿sica**,GCS010,Direitos e Cidadania,1400,1400201613,ENFERMAGEM - DIURNO,1,,,40,0,Biblioteca Chapecó,0,,
"TORRES, Ricardo Lobo (Org.). Teoria dos Direitos Fundamentais.  2. Rio de Janeiro: Renovar, 2001. ",-2964,1,3,2016,,B¿sica**,GCS010,Direitos e Cidadania,1400,1400201613,ENFERMAGEM - DIURNO,1,,,40,0,Biblioteca Chapecó,0,,
"HABERMAS, Jürgen. A inclusão do outro: estudos de teoria política.  São Paulo: Loyola, 2002. ",-2965,1,3,2016,,Complementar**,GCS010,Direitos e Cidadania,1400,1400201613,ENFERMAGEM - DIURNO,1,,,40,0,Biblioteca Chapecó,0,,
"SANTOS, Wanderley G. Cidadania e justiça.  Rio de Janeiro: Campus, 1977. ",-2966,1,3,2016,,Complementar**,GCS010,Direitos e Cidadania,1400,1400201613,ENFERMAGEM - DIURNO,1,,,40,0,Biblioteca Chapecó,0,,
"KANDEL, E. R.; SCHWARTZ, J. H.; JESSEL, T. M. Princípios da Neurociência.  4. São Paulo: Manole, 2003. ",-2967,1,3,2016,,B¿sica**,GCB063,Fisiologia I,1400,1400201613,ENFERMAGEM - DIURNO,1,,,40,0,Biblioteca Chapecó,0,,
"DURÁN, J. E. R. Biofísica: Fundamentos e Aplicações.  1. São Paulo: Prentice Hall, 2003. ",-2968,1,3,2016,,Complementar**,GCB063,Fisiologia I,1400,1400201613,ENFERMAGEM - DIURNO,1,,,40,0,Biblioteca Chapecó,0,,
"JORDE, L. B. et al. Genética Médica.  3. Rio de Janeiro: Elsevier, 2004. ",-2969,1,3,2016,,Complementar**,GCB038,Genética,1400,1400201613,ENFERMAGEM - DIURNO,1,,,40,0,Biblioteca Chapecó,0,,
"HENRY, J. A Revolução Científica: origens da ciência moderna.  Rio de Janeiro: Zahar, 1998. ",-2970,1,3,2016,,B¿sica**,GCH008,Iniciação à Prática Científica,1400,1400201613,ENFERMAGEM - DIURNO,1,,,40,0,Biblioteca Chapecó,0,,
"JAPIASSU, Hilton F. Epistemologia. O mito da neutralidade científica.  Rio de Janeiro: Imago, 1975. (Série Logoteca). ",-2971,1,3,2016,,B¿sica**,GCH008,Iniciação à Prática Científica,1400,1400201613,ENFERMAGEM - DIURNO,1,,,40,0,Biblioteca Chapecó,0,,
"D¿ACAMPORA, A. J. Investigação científica.  Blumenau: Nova Letra, 2006. ",-2972,1,3,2016,,Complementar**,GCH008,Iniciação à Prática Científica,1400,1400201613,ENFERMAGEM - DIURNO,1,,,40,0,Biblioteca Chapecó,0,,
"GALLIANO, A. G. O Método Científico: teoria e prática.  São Paulo: HARBRA, 1986. ",-2973,1,3,2016,,Complementar**,GCH008,Iniciação à Prática Científica,1400,1400201613,ENFERMAGEM - DIURNO,1,,,40,0,Biblioteca Chapecó,0,,
"GONSALVES, E. P. Iniciação à Pesquisa Científica..  Campinas: Alínea, 2001. ",-2974,1,3,2016,,Complementar**,GCH008,Iniciação à Prática Científica,1400,1400201613,ENFERMAGEM - DIURNO,1,,,40,0,Biblioteca Chapecó,0,,
"BECKER. B.; MIRANDA, M. (Org.). A geografia política do desenvolvimento sustentável..  Rio de Janeiro: Editora UFRJ, 1997. ",-2975,1,3,2016,,B¿sica**,GCS011,"Meio Ambiente, Economia e Sociedade",1400,1400201613,ENFERMAGEM - DIURNO,1,,,40,0,Biblioteca Chapecó,0,,
"FERREIRA, L. C.; VIOLA, E. (Org.). Incertezas de sustentabilidade na globalização..  Campinas: Editora da UNICAMP, 1996. ",-2976,1,3,2016,,B¿sica**,GCS011,"Meio Ambiente, Economia e Sociedade",1400,1400201613,ENFERMAGEM - DIURNO,1,,,40,0,Biblioteca Chapecó,0,,
"CAVALCANTI, C. (Org.). Sociedade e natureza: estudos para uma sociedade sustentável..  São Paulo: Cortez; Recife: Fundação Joaquim Nabuco, 1998. ",-2977,1,3,2016,,Complementar**,GCS011,"Meio Ambiente, Economia e Sociedade",1400,1400201613,ENFERMAGEM - DIURNO,1,,,40,0,Biblioteca Chapecó,0,,
"LÖWY, Michael. Eco-socialismo e planificação democrática.  Crítica Marxista, n. 29,, 2009. ",-2978,1,3,2016,,Complementar**,GCS011,"Meio Ambiente, Economia e Sociedade",1400,1400201613,ENFERMAGEM - DIURNO,1,,,40,0,Biblioteca Chapecó,0,,
"TREVISOL, Joviles Vitório. A educação ambiental em uma sociedade de risco: tarefas e desafios na construção da sustentabilidade..  Joaçaba: Edições Unoesc, 2003. ",-2979,1,3,2016,,Complementar**,GCS011,"Meio Ambiente, Economia e Sociedade",1400,1400201613,ENFERMAGEM - DIURNO,1,,,40,0,Biblioteca Chapecó,0,,
"COURA, J. R. Dinâmica das Doenças Infecciosas e Parasitárias.  1. Rio de Janeiro: Guanabara Koogan, 2006. ",-2980,1,3,2016,2,B¿sica**,GCB074,Parasitologia,1400,1400201613,ENFERMAGEM - DIURNO,1,,,40,0,Biblioteca Chapecó,0,,
"DE CARLI, G. A. Parasitologia Clínica.  2. São Paulo: Atheneu, 2006. ",-2981,1,3,2016,,Complementar**,GCB074,Parasitologia,1400,1400201613,ENFERMAGEM - DIURNO,1,,,40,0,Biblioteca Chapecó,0,,
"MARKELL, E. K.; JOHN, D. T.; KROTOSKI, W. A. Markell & Voge'S. Parasitologia Médica..  8. Rio de Janeiro: Guanabara Koogan, 2003. ",-2982,1,3,2016,,Complementar**,GCB074,Parasitologia,1400,1400201613,ENFERMAGEM - DIURNO,1,,,40,0,Biblioteca Chapecó,0,,
"GILROY, A. M.; MACPHERSON, B. R.; ROSS, L. M. Prometheus. Atlas de Anatomia.  1. Rio de Janeiro: Guanabara Koogan, 2008. ",-2983,1,4,2016,,Complementar**,GCB019,Anatomia II,1400,1400201614,ENFERMAGEM - DIURNO,1,,,40,0,Biblioteca Chapecó,0,,
"MOORE, K. L.; DALLEY A. F. Anatomia Orientada para a clínica.  5. Rio de Janeiro: Guanabara Koogan, 2007. ",-2984,1,4,2016,,Complementar**,GCB019,Anatomia II,1400,1400201614,ENFERMAGEM - DIURNO,1,,,40,0,Biblioteca Chapecó,0,,
"TORTORA, G. J. Atlas de Anatomia Humana.  10. Rio de Janeiro: Elsevier, 2007. ",-2985,1,4,2016,,Complementar**,GCB019,Anatomia II,1400,1400201614,ENFERMAGEM - DIURNO,1,,,40,0,Biblioteca Chapecó,0,,
"CÓRDOVA, A. Fisiologia Dinâmica.  1. Rio de Janeiro: Guanabara Koogan, 2006. ",-2986,1,4,2016,,B¿sica**,GCB064,Fisiologia II,1400,1400201614,ENFERMAGEM - DIURNO,1,,,40,0,Biblioteca Chapecó,0,,
"MOURÃO JÚNIOR, C. A.; ABRAMOV, D. M. Curso de Biofísica.  1. Rio de Janeiro: Guanabara Koogan, 2009. ",-2987,1,4,2016,,Complementar**,GCB064,Fisiologia II,1400,1400201614,ENFERMAGEM - DIURNO,1,,,40,0,Biblioteca Chapecó,0,,
"POCOCK, G.; RICHARDS, C. D. Fisiologia Humana: A Base da Medicina.  2. Rio de Janeiro: Guanabara Koogan, 2006. ",-2988,1,4,2016,,Complementar**,GCB064,Fisiologia II,1400,1400201614,ENFERMAGEM - DIURNO,1,,,40,0,Biblioteca Chapecó,0,,
"WIDMAIER, E. P. Fisiologia Humana - Os Mecanismos das Funções Corporais.  9. Rio de Janeiro: MEDSI/Guanabara Koogan, 2006. ",-2989,1,4,2016,,Complementar**,GCB064,Fisiologia II,1400,1400201614,ENFERMAGEM - DIURNO,1,,,40,0,Biblioteca Chapecó,0,,
"VAZQUEZ, Adolfo Sanchez. Ética.  São Paulo: Civilização brasileira, 2005. ",-2992,1,4,2016,,B¿sica**,GCH012,Fundamentos da Crítica Social,1400,1400201614,ENFERMAGEM - DIURNO,1,,,40,0,Biblioteca Chapecó,0,,
"JAMESON, Frederic. Pós-modernismo: a lógica cultural do capitalismo tardio.  2. São Paulo: Autores Associados, 2007. ",-2993,1,4,2016,,Complementar**,GCH012,Fundamentos da Crítica Social,1400,1400201614,ENFERMAGEM - DIURNO,1,,,40,0,Biblioteca Chapecó,0,,
"SARTRE, Jean- Paul. Marxismo e existencialismo. In: . Questão de método.  São Paulo: Difusão Européia do Livro, 1972. ",-2994,1,4,2016,,Complementar**,GCH012,Fundamentos da Crítica Social,1400,1400201614,ENFERMAGEM - DIURNO,1,,,40,0,Biblioteca Chapecó,0,,
"SCHILLER, Friedrich. Sobre a educação estética.  São Paulo: Herder, 1963. ",-2995,1,4,2016,,Complementar**,GCH012,Fundamentos da Crítica Social,1400,1400201614,ENFERMAGEM - DIURNO,1,,,40,0,Biblioteca Chapecó,0,,
"SILVA, Márcio Bolda. Rosto e alteridade: para um critério ético em perspectiva latinoamericana..  São Paulo: Paulus, 1995. ",-2997,1,4,2016,,Complementar**,GCH012,Fundamentos da Crítica Social,1400,1400201614,ENFERMAGEM - DIURNO,1,,,40,0,Biblioteca Chapecó,0,,
"ALFARO-LEFREVE, Rosalinda. Aplicação do processo de enfermagem: promoção do cuidado colaborativo..  5. Porto Alegre: Artmed, 2005. ",-2998,1,4,2016,,B¿sica**,GSA017,Fundamentos para o cuidado profissional I,1400,1400201614,ENFERMAGEM - DIURNO,1,,,40,0,Biblioteca Chapecó,0,,
"JARVIS, Carolyn. Exame físico e avaliação de saúde.  3. Rio de Janeiro: Guanabara Koogan, 2002. ",-2999,1,4,2016,,B¿sica**,GSA017,Fundamentos para o cuidado profissional I,1400,1400201614,ENFERMAGEM - DIURNO,1,,,40,0,Biblioteca Chapecó,0,,
"POTTER, Patrícia. Semiologia em enfermagem.  4. Rio de Janeiro: Reichmann e Affonso, 2003. ",-3000,1,4,2016,,B¿sica**,GSA017,Fundamentos para o cuidado profissional I,1400,1400201614,ENFERMAGEM - DIURNO,1,,,40,0,Biblioteca Chapecó,0,,
"WEBER, J. R. Semiologia. Guia prático para enfermagem.  Rio de Janeiro: Guanabara Koogan, 2005. ",-3001,1,4,2016,,B¿sica**,GSA017,Fundamentos para o cuidado profissional I,1400,1400201614,ENFERMAGEM - DIURNO,1,,,40,0,Biblioteca Chapecó,0,,
"ALEXANDRE, Neusa Maria Costa; MORAES, Marco Antonio Alves. Modelo de avaliação físico-funcional da coluna vertebral..  Revista Latino-Americana Enfermagem, v. 9, n. 2, mar./abr. 2001. p. 67-75, 2001. ",-3002,1,4,2016,,Complementar**,GSA017,Fundamentos para o cuidado profissional I,1400,1400201614,ENFERMAGEM - DIURNO,1,,,40,0,Biblioteca Chapecó,0,,
"PAULA, Juliana Coutinho; CINTRA, Fernanda Aparecida. A relevância do exame físico do idoso para a assistência de enfermagem hospitalar.  Revista Acta Paulista de Enfermagem, v. 18, n. 3, p. 301-306,, 2005. ",-3003,1,4,2016,,Complementar**,GSA017,Fundamentos para o cuidado profissional I,1400,1400201614,ENFERMAGEM - DIURNO,1,,,40,0,Biblioteca Chapecó,0,,
"PRADO, M. L.; GELBCKE, F. L. (Org.). Fundamentos de enfermagem.  Florianópolis: Cidade Futura, 2002. ",-3004,1,4,2016,,Complementar**,GSA017,Fundamentos para o cuidado profissional I,1400,1400201614,ENFERMAGEM - DIURNO,1,,,40,0,Biblioteca Chapecó,0,,
"PUPULIM, Jussara Simone Lenzi; SAWADA, Namie Okino. Exposição corporal do cliente durante a avaliação física em Unidade de Terapia Intensiva.  Revista Brasileira de Enfermagem, v. 58, n. 5, p. 580-585, 2005. ",-3005,1,4,2016,,Complementar**,GSA017,Fundamentos para o cuidado profissional I,1400,1400201614,ENFERMAGEM - DIURNO,1,,,40,0,Biblioteca Chapecó,0,,
"SILVA, Carlos Magno Carvalho da; SABOIA, Vera Maria; TEIXEIRA, Enéas Rangel. O ensino do exame físico em suas dimensões técnicas e subjetivas..  Revista Texto contexto, v. 18, n. 3, p. 458-465,, 2009. ",-3006,1,4,2016,,Complementar**,GSA017,Fundamentos para o cuidado profissional I,1400,1400201614,ENFERMAGEM - DIURNO,1,,,40,0,Biblioteca Chapecó,0,,
"TAYLOR, Carol; LILLIS Carol; LEMONE, Priscilla. Fundamentos de Enfermagem: A arte e a ciência do cuidado de enfermagem.  Artmed, 2007. ",-3007,1,4,2016,,Complementar**,GSA017,Fundamentos para o cuidado profissional I,1400,1400201614,ENFERMAGEM - DIURNO,1,,,40,0,Biblioteca Chapecó,0,,
"VOLTARELLI, J. C. Imunologia Clinica Na Pratica Medica.  São Paulo: Atheneu, 2008. ",-3008,1,4,2016,,B¿sica**,GCB076,Imunologia,1400,1400201614,ENFERMAGEM - DIURNO,1,,,40,0,Biblioteca Chapecó,0,,
"FORTE, W. C. N. Imunologia ¿ Do Básico ao Aplicado.  2. Porto Alegre: Artmed, 2007. ",-3009,1,4,2016,,Complementar**,GCB076,Imunologia,1400,1400201614,ENFERMAGEM - DIURNO,1,,,40,0,Biblioteca Chapecó,0,,
"HINRICHSEN, S. L. Biossegurança e Controle de Infecções - Risco Sanitário Hospitalar.  1. Rio de Janeiro: MEDSI/Guanabara Koogan, 2004. ",-3010,1,4,2016,,Complementar**,GCB029,Microbiologia,1400,1400201614,ENFERMAGEM - DIURNO,1,,,40,0,Biblioteca Chapecó,0,,
"JORGE, A. O. C. Microbiologia - Atividades Práticas.  2. São Paulo: Santos Editora, 2008. ",-3012,1,4,2016,,Complementar**,GCB029,Microbiologia,1400,1400201614,ENFERMAGEM - DIURNO,1,,,40,0,Biblioteca Chapecó,0,,
"SCHAECHTER, M.; ENGLEBERG, N. C.; EISENSTEIN, B. I.; MEDOFF, G. Microbiologia - Mecanismos das Doenças Infecciosas.  3. Rio de Janeiro: Guanabara Koogan, 2002. ",-3014,1,4,2016,,Complementar**,GCB029,Microbiologia,1400,1400201614,ENFERMAGEM - DIURNO,1,,,40,0,Biblioteca Chapecó,0,,
"MERHRY, Emerson Elias. Saúde: a cartografia do trabalho vivo em ato.  Hucitec,, 2002. ",-3019,1,4,2016,,Complementar**,GSA012,Saúde coletiva II,1400,1400201614,ENFERMAGEM - DIURNO,1,,,40,0,Biblioteca Chapecó,0,,1
"SAMICO, Isabella et al. Avaliação em saúde: bases conceituais e operacionais..  MedBook, 2010. ",-3021,1,4,2016,,Complementar**,GSA012,Saúde coletiva II,1400,1400201614,ENFERMAGEM - DIURNO,1,,,40,0,Biblioteca Chapecó,0,,1
"SILVA, Ana Karla. Manual de Vigilância Epidemiológica e Sanitária..  AB Editora,, 2010. ",-3022,1,4,2016,,Complementar**,GSA012,Saúde coletiva II,1400,1400201614,ENFERMAGEM - DIURNO,1,,,40,0,Biblioteca Chapecó,0,,1
"VASCONCELOS, E. M. Redefinindo as práticas de saúde a partir da educação popular nos serviços de saúde..  Hucitec, 2001. ",-3024,1,4,2016,,Complementar**,GSA012,Saúde coletiva II,1400,1400201614,ENFERMAGEM - DIURNO,1,,,40,0,Biblioteca Chapecó,0,,1
"DOENGES, Marilynn E.; MOORHOUSE, Mary Frances. Diagnóstico e intervenção em enfermagem..  5. Porto Alegre: Artmed, 1999. ",-3147,1,5,2016,,B¿sica**,GSA020,Aprendizagem vivencial,1400,1400201615,ENFERMAGEM - DIURNO,1,,,40,0,Biblioteca Chapecó,0,,
"LEOPARDI, Maria Tereza et al. Processo de trabalho em saúde: organização e subjetividade. Florianópolis: Programa de Pós-graduação em Enfermagem/UFSC..  Editora Papa-livros, 1999. ",-3148,1,5,2016,,Complementar**,GSA020,Aprendizagem vivencial,1400,1400201615,ENFERMAGEM - DIURNO,1,,,40,0,Biblioteca Chapecó,0,,
"VALLA, Victor Vincent. Educação, saúde e cidadania.  Petrópolis: Vozes, 1994. ",-3149,1,5,2016,,Complementar**,GSA019,Cuidados de enfermagem em atenção básica de saúde,1400,1400201615,ENFERMAGEM - DIURNO,1,,,40,0,Biblioteca Chapecó,0,,
"HOWLAND, R. D.; MYCEK, M. J. Farmacologia Ilustrada.  3. Porto Alegre: Artmed, 2007. ",-3150,1,5,2016,,Complementar**,GCB080,Farmacologia aplicada a enfermagem,1400,1400201615,ENFERMAGEM - DIURNO,1,,,40,0,Biblioteca Chapecó,0,,
"MINNEMAN, K. P.; WECKER, L.; LARNER, J.; BRODY, T. M. Brody. Farmacologia Humana.  4. Rio de Janeiro: Elsevier, 2006. ",-3151,1,5,2016,,Complementar**,GCB080,Farmacologia aplicada a enfermagem,1400,1400201615,ENFERMAGEM - DIURNO,1,,,40,0,Biblioteca Chapecó,0,,
"SCHATZBERG, A. F.; NEMEROFF, C. B. Fundamentos de Psicofarmacologia Clínica.  1. Rio de Janeiro: Guanabara Koogan, 2002. ",-3152,1,5,2016,,Complementar**,GCB080,Farmacologia aplicada a enfermagem,1400,1400201615,ENFERMAGEM - DIURNO,1,,,40,0,Biblioteca Chapecó,0,,
"POTTER, Patricia A.; PERRY, Anne G.; BUCKUP, Hildegard Thiemann; OPPIDO, Terezinha (Trads.). Grande tratado de enfermagem prática: conceitos básicos, teoria e prática hospitalar..  3. São Paulo: Tempo, Santos, 2001. ",-3153,1,5,2016,,B¿sica**,GSA018,Fundamentos para o cuidado profissional II,1400,1400201615,ENFERMAGEM - DIURNO,1,,,40,0,Biblioteca Chapecó,0,,
"TIMBY, Bárbara K. Conceitos e habilidades fundamentais ao atendimento de enfermagem..  6. Porto Alegre: Artmed, 2001. ",-3154,1,5,2016,,B¿sica**,GSA018,Fundamentos para o cuidado profissional II,1400,1400201615,ENFERMAGEM - DIURNO,1,,,40,0,Biblioteca Chapecó,0,,
"COTRAN, Ramzi S.; KUMAR, Vinay; COLLINS, Tucker; ROBBINS, Stanley L. Patologia estrutural e funcional..  6. Rio de Janeiro: Guanabara Koogan, 2000. ",-3155,1,5,2016,,Complementar**,GSA018,Fundamentos para o cuidado profissional II,1400,1400201615,ENFERMAGEM - DIURNO,1,,,40,0,Biblioteca Chapecó,0,,
"PAMELA, Sucraringer. Atlas Fotográficos de Procedimentos de Enfermagem..  Editora Artmed, 2000. ",-3156,1,5,2016,,Complementar**,GSA018,Fundamentos para o cuidado profissional II,1400,1400201615,ENFERMAGEM - DIURNO,1,,,40,0,Biblioteca Chapecó,0,,
"ENDERLE, Carmem. Psicologia do Desenvolvimento.  Porto Alegre: Artes Médicas, 1990. ",-3157,1,5,2016,,B¿sica**,GCH090,Psicologia aplicada a enfermagem,1400,1400201615,ENFERMAGEM - DIURNO,1,,,40,0,Biblioteca Chapecó,0,,
"CARVALHO, Y. M. de (Org.). Tratado de Saúde Coletiva.  2. São Paulo/Rio de Janeiro: Editora Hucitec/Fiocruz, 2009. ",-3158,1,5,2016,,Complementar**,GCH090,Psicologia aplicada a enfermagem,1400,1400201615,ENFERMAGEM - DIURNO,1,,,40,0,Biblioteca Chapecó,0,,
"CREPALDI, M. A.; RABUSKE, M. M.; GABARRA, L. M. Modalidades de atuação do psicólogo em enfermaria de pediatria. In: CREPALDI, M. A.; PEROZA, G. B.; LINHARES, M. B. (Org.). Temas em Psicologia Pediátrica.  São Paulo: Casa do Psicólogo, 2006. ",-3159,1,5,2016,,Complementar**,GCH090,Psicologia aplicada a enfermagem,1400,1400201615,ENFERMAGEM - DIURNO,1,,,40,0,Biblioteca Chapecó,0,,
"DOENGES, M. E.; MOORHOUSE, M. F.; GEISLLER, A. G. Plano de cuidado de enfermagem. Orientações para o cuidado individualizado do paciente.  Rio de Janeiro: Guanabara Koogan, 2003. ",-3160,1,6,2016,,B¿sica**,GSA021,O cuidado no processo de viver humano I,1400,1400201616,ENFERMAGEM - DIURNO,1,,,40,0,Biblioteca Chapecó,0,,
"MEEKER, M. H.; ROTHROCK, J. C. Cuidado de enfermagem ao paciente cirúrgico.  10. Rio de Janeiro: Guanabara Koogan, 1995. ",-3161,1,6,2016,,B¿sica**,GSA021,O cuidado no processo de viver humano I,1400,1400201616,ENFERMAGEM - DIURNO,1,,,40,0,Biblioteca Chapecó,0,,
"PAPALÉO NETTO, M. Gerontologia: a velhice e o envelhecimento em visão globalizada.  São Paulo: Atheneu, 2002. ",-3162,1,6,2016,,B¿sica**,GSA021,O cuidado no processo de viver humano I,1400,1400201616,ENFERMAGEM - DIURNO,1,,,40,0,Biblioteca Chapecó,0,,
"BENEDET, Silvana Alves; BUB, Maria Betina Camargo. Manual de Diagnóstico de Enfermagem..  Florianópolis: Bernúncia, 1998. ",-3163,1,6,2016,,Complementar**,GSA021,O cuidado no processo de viver humano I,1400,1400201616,ENFERMAGEM - DIURNO,1,,,40,0,Biblioteca Chapecó,0,,
"DANI, R.; CASTRO, L. P. Gastroenterologia Clínica.  2. Rio de Janeiro: Editora Guanabara Koogan,, 1988. ",-3164,1,6,2016,,Complementar**,GSA021,O cuidado no processo de viver humano I,1400,1400201616,ENFERMAGEM - DIURNO,1,,,40,0,Biblioteca Chapecó,0,,
"HARGROVEL-HUFFEL. Enfermagem Médico-Cirurgica.  Rio de Janeiro: Editora Guanabara Koogan, 1997. ",-3165,1,6,2016,,Complementar**,GSA021,O cuidado no processo de viver humano I,1400,1400201616,ENFERMAGEM - DIURNO,1,,,40,0,Biblioteca Chapecó,0,,
"RIELLA, M. C. Suporte Nutricional Parenteral e Entera.  Rio de Janeiro: Editora Guanabara Koogan, 1993. ",-3166,1,6,2016,,Complementar**,GSA021,O cuidado no processo de viver humano I,1400,1400201616,ENFERMAGEM - DIURNO,1,,,40,0,Biblioteca Chapecó,0,,
"VEIGA, Déborah de Azevedo; CROSSETTI, Maria da Graça Oliveira. Manual de técnicas de enfermagem..  9. Porto Alegre: Sagra Luzzatto, 2000. ",-3167,1,6,2016,,Complementar**,GSA021,O cuidado no processo de viver humano I,1400,1400201616,ENFERMAGEM - DIURNO,1,,,40,0,Biblioteca Chapecó,0,,
"YVER, P. W.; TAPITICH, B.; BERNOCHI, D. Processo e diagnóstico em enfermagem..  Porto Alegre: ARTMED, 1993. ",-3168,1,6,2016,,Complementar**,GSA021,O cuidado no processo de viver humano I,1400,1400201616,ENFERMAGEM - DIURNO,1,,,40,0,Biblioteca Chapecó,0,,
"WHALEY, L.; WONG, D. Enfermagem Pediátrica. Elementos Essenciais à Intervenção Efetiva..  5. Rio de Janeiro: Editora Guanabara Koogan, 1997. ",-3169,1,7,2016,,B¿sica**,GSA022,O cuidado no processo de viver humano II,1400,1400201617,ENFERMAGEM - DIURNO,1,,,40,0,Biblioteca Chapecó,0,,
"CREPALDI, Maria Aparecida. Hospitalização na infância: representações sociais da família sobre a doença e a hospitalização de seus filhos.  Taubaté-SP: Cabral Editora Universitária, 1999. ",-3170,1,7,2016,,Complementar**,GSA022,O cuidado no processo de viver humano II,1400,1400201617,ENFERMAGEM - DIURNO,1,,,40,0,Biblioteca Chapecó,0,,
"ISSLER, H. (Org.). Aleitamento materno no contexto atual - Políticas, prática e bases científicas..  1. São Paulo: Sarvier, 2008. ",-3171,1,7,2016,,Complementar**,GSA022,O cuidado no processo de viver humano II,1400,1400201617,ENFERMAGEM - DIURNO,1,,,40,0,Biblioteca Chapecó,0,,
"KAROUN, M.; SOUZA, R. Tratado de Adolescência. Um Estudo Multidisciplinar..  Rio de Janeiro: Editora Cultura Médica, 1991. ",-3172,1,7,2016,,Complementar**,GSA022,O cuidado no processo de viver humano II,1400,1400201617,ENFERMAGEM - DIURNO,1,,,40,0,Biblioteca Chapecó,0,,
"MONTICELLI, M. O nascimento como um rito de passagem: abordagem cultural para o cuidado de enfermagem às mulheres e recém-nascidos..  São Paulo: Robe, 1997. ",-3173,1,7,2016,,Complementar**,GSA022,O cuidado no processo de viver humano II,1400,1400201617,ENFERMAGEM - DIURNO,1,,,40,0,Biblioteca Chapecó,0,,
"CAMPOS, Gastão Wagner de Souza; GUERRERO, Andre Vinicius Pires (Org.). Manual de práticas de atenção a saúde: saúde ampliada e compartilhada..  São Paulo: Aderaldo & Rothschild, 2008. ",-3174,1,8,2016,,B¿sica**,GSA011,Gestão e gerenciamento em saúde e enfermagem,1400,1400201618,ENFERMAGEM - DIURNO,1,,,40,0,Biblioteca Chapecó,0,,
"JUNIOR, A. G. da S. Modelos tecno-assistenciais em saúde: o debate no campo da saúde coletiva..  São Paulo: Editora Hucitec, 1998. ",-3175,1,8,2016,,B¿sica**,GSA011,Gestão e gerenciamento em saúde e enfermagem,1400,1400201618,ENFERMAGEM - DIURNO,1,,,40,0,Biblioteca Chapecó,0,,
"MARX, Lore Cecília. Manual de Gerenciamento de Enfermagem.  2. São Paulo: EPUB, 2003. ",-3176,1,8,2016,,B¿sica**,GSA011,Gestão e gerenciamento em saúde e enfermagem,1400,1400201618,ENFERMAGEM - DIURNO,1,,,40,0,Biblioteca Chapecó,0,,
"TEIXEIRA, Carmen Fontes. Planejamento Municipal em Saúde.  Salvador: Fred Lima, 2001. ",-3177,1,8,2016,,B¿sica**,GSA011,Gestão e gerenciamento em saúde e enfermagem,1400,1400201618,ENFERMAGEM - DIURNO,1,,,40,0,Biblioteca Chapecó,0,,
"BRASIL. Ministério da Súde. Saúde e cidadania: para gestores municipais de serviços de saúde..  Brasília, 2002. ",-3178,1,8,2016,,Complementar**,GSA011,Gestão e gerenciamento em saúde e enfermagem,1400,1400201618,ENFERMAGEM - DIURNO,1,,,40,0,Biblioteca Chapecó,0,,
"CAMPOS, Gastão Wagner de Sousa. A Saúde Pública e a Defesa da Vida.  São Paulo: Hucitec, 1991. ",-3179,1,8,2016,,Complementar**,GSA011,Gestão e gerenciamento em saúde e enfermagem,1400,1400201618,ENFERMAGEM - DIURNO,1,,,40,0,Biblioteca Chapecó,0,,
"CARAVANTES, Geraldo Ronchetti; PINTO, Nelson (Ilust.). Teoria geral da administração: pensando e fazendo..  3. Porto Alegre: AGE, FACTEC, 2000. ",-3180,1,8,2016,,Complementar**,GSA011,Gestão e gerenciamento em saúde e enfermagem,1400,1400201618,ENFERMAGEM - DIURNO,1,,,40,0,Biblioteca Chapecó,0,,
"CHIAVENATO, Idalberto. Recursos humanos: o capital humano das organizações..  8. São Paulo: Atlas, 2008. ",-3182,1,8,2016,,Complementar**,GSA011,Gestão e gerenciamento em saúde e enfermagem,1400,1400201618,ENFERMAGEM - DIURNO,1,,,40,0,Biblioteca Chapecó,0,,
"FORTES, J. K. Enfermagem em emergência.  São Paulo: EPU, 1986. ",-3183,1,8,2016,,B¿sica**,GSA024,O cuidado de enfermagem ao adulto e idoso em condição crítica de saúde,1400,1400201618,ENFERMAGEM - DIURNO,1,,,40,0,Biblioteca Chapecó,0,,
"HUDAK, C. M. Cuidados intensivos de enfermagem.  Rio de Janeiro: Guanabara-Koogan, 1997. ",-3184,1,8,2016,,B¿sica**,GSA024,O cuidado de enfermagem ao adulto e idoso em condição crítica de saúde,1400,1400201618,ENFERMAGEM - DIURNO,1,,,40,0,Biblioteca Chapecó,0,,
"PADILHA, K. G. Enfermagem na UTI.  São Paulo: Manole, 2009. ",-3185,1,8,2016,,B¿sica**,GSA024,O cuidado de enfermagem ao adulto e idoso em condição crítica de saúde,1400,1400201618,ENFERMAGEM - DIURNO,1,,,40,0,Biblioteca Chapecó,0,,
"SWEARINGEN, P. L. Manual de enfermagem no cuidado crítico.  Porto Alegre: Artmed, 2005. ",-3186,1,8,2016,,B¿sica**,GSA024,O cuidado de enfermagem ao adulto e idoso em condição crítica de saúde,1400,1400201618,ENFERMAGEM - DIURNO,1,,,40,0,Biblioteca Chapecó,0,,
"ANDRADE, S. M.; SOARES, D. A.; JUNIOR, L. C. Bases da saúde coletiva..  Londrina: Universidade Estadual de Londrina, 2001. ",-3187,1,8,2016,,Complementar**,GSA024,O cuidado de enfermagem ao adulto e idoso em condição crítica de saúde,1400,1400201618,ENFERMAGEM - DIURNO,1,,,40,0,Biblioteca Chapecó,0,,
"BUSS, Paulo Marchiori. Globalização, pobreza e saúde.  Revista Ciência e Saúde Coletiva, v. 12, n. 6, p. 1575-1589, 2007. ",-3188,1,8,2016,,Complementar**,GSA024,O cuidado de enfermagem ao adulto e idoso em condição crítica de saúde,1400,1400201618,ENFERMAGEM - DIURNO,1,,,40,0,Biblioteca Chapecó,0,,
"SOUZA, Aline Corrêa de et al. A Educação em Saúde com Grupos na Comunidade: uma estratégia facilitadora da promoção da saúde.  Revista Gaúcha de Enfermagem, Porto Alegre, v. 26, n. 2, p. 147- 153, ago. 2005.. ",-3189,1,8,2016,,Complementar**,GSA024,O cuidado de enfermagem ao adulto e idoso em condição crítica de saúde,1400,1400201618,ENFERMAGEM - DIURNO,1,,,40,0,Biblioteca Chapecó,0,,
"TERRA, N. L.; DORNELLES, B. Envelhecimento bem-sucedido. Programa Geron,.  Porto Alegre: EDIPUCRS, 2003. ",-3190,1,8,2016,,Complementar**,GSA024,O cuidado de enfermagem ao adulto e idoso em condição crítica de saúde,1400,1400201618,ENFERMAGEM - DIURNO,1,,,40,0,Biblioteca Chapecó,0,,
"FUREGATTO, A. R. F. Relações interpessoais terapêuticas na enfermagem.  São Paulo: SCALA, 1999. ",-3191,1,8,2016,,B¿sica**,GSA023,O cuidado de enfermagem na saúde mental,1400,1400201618,ENFERMAGEM - DIURNO,1,,,40,0,Biblioteca Chapecó,0,,
"RIBEIRO, Paulo Rennes Marçal. Enfermagem psiquiátrica e saúde mental: prevenção e intervenção..  São Paulo: EPU, 1996. ",-3192,1,8,2016,,B¿sica**,GSA023,O cuidado de enfermagem na saúde mental,1400,1400201618,ENFERMAGEM - DIURNO,1,,,40,0,Biblioteca Chapecó,0,,
"RIBEIRO, Paulo Rennes Marçal. Saúde mental: dimensão histórica e campos de atuação..  São Paulo: E.P.U, 1996. ",-3193,1,8,2016,,B¿sica**,GSA023,O cuidado de enfermagem na saúde mental,1400,1400201618,ENFERMAGEM - DIURNO,1,,,40,0,Biblioteca Chapecó,0,,
"RODRIGUES, Antonia Regina Furegato. Enfermagem psiquiátrica: saúde mental: prevenção e intervenção.  São Paulo: E.P.U, 1996. ",-3194,1,8,2016,,B¿sica**,GSA023,O cuidado de enfermagem na saúde mental,1400,1400201618,ENFERMAGEM - DIURNO,1,,,40,0,Biblioteca Chapecó,0,,
"BENJAMIN, Alfred; ARANTES, Urias Corrêa (Trad.). A entrevista de ajuda.  9. São Paulo: Martins Fontes, 2001. ",-3195,1,8,2016,,Complementar**,GSA023,O cuidado de enfermagem na saúde mental,1400,1400201618,ENFERMAGEM - DIURNO,1,,,40,0,Biblioteca Chapecó,0,,1
"BIELEMANN, Valquíria de Lourdes Machado et al. A inserção da família nos centros de atenção psicossocial sob a ótica de seus atores sociais..  Revista Texto contexto, v. 18, n. 1, p. 131-139, 2009. ",-3196,1,8,2016,,Complementar**,GSA023,O cuidado de enfermagem na saúde mental,1400,1400201618,ENFERMAGEM - DIURNO,1,,,40,0,Biblioteca Chapecó,0,,1
"BOARINI, Maria Lucia; QUIJO, Izildinha. A Reforma Psiquiátrica e as andorinhas..  Revista do Departamento de Psicologia ¿ UFF, v. 19, n. 2, p. 369-379, 2007. ",-3197,1,8,2016,,Complementar**,GSA023,O cuidado de enfermagem na saúde mental,1400,1400201618,ENFERMAGEM - DIURNO,1,,,40,0,Biblioteca Chapecó,0,,1
"GONÇALVES, Maria Helena Barreto; KRITZ, Sonia (Ed.). Enfermagem em saúde mental..  Rio de Janeiro: SENAC, 1996. ",-3198,1,8,2016,,Complementar**,GSA023,O cuidado de enfermagem na saúde mental,1400,1400201618,ENFERMAGEM - DIURNO,1,,,40,0,Biblioteca Chapecó,0,,1
"JARDIM, Vanda Maria da Rosa; CARTANA, Maria do Horto Fontoura; KANTORSKI, Luciane Prado; QUEVEDO, André Luis Alves de. Avaliação da política de saúde mental a partir dos projetos terapêuticos de Centros de Atenção Psicossocial.  Revista Texto contexto, v. 18, n. 2, p. 241-248,, 2009. ",-3199,1,8,2016,,Complementar**,GSA023,O cuidado de enfermagem na saúde mental,1400,1400201618,ENFERMAGEM - DIURNO,1,,,40,0,Biblioteca Chapecó,0,,1
"MONTEIRO, Rachel de Lyra; LOYOLA, Cristina Maria Douat. Qualidade de oficinas terapêuticas segundo pacientes.  Revista Texto contexto, v. 18, n. 3, p. 436-442, 2009. ",-3200,1,8,2016,,Complementar**,GSA023,O cuidado de enfermagem na saúde mental,1400,1400201618,ENFERMAGEM - DIURNO,1,,,40,0,Biblioteca Chapecó,0,,1
"NAKAMURA, Eunice; SANTOS, José Quirino. Depressão infantil: abordagem antropológica.  Revista Saúde Pública, v. 41, n. 1, p. 53-60, 2007. ",-3201,1,8,2016,,Complementar**,GSA023,O cuidado de enfermagem na saúde mental,1400,1400201618,ENFERMAGEM - DIURNO,1,,,40,0,Biblioteca Chapecó,0,,1
"NAVARINI, Vanessa; HIRDES, Alice. A família do portador de transtorno mental: identificando recursos adaptativos..  Revista Texto contexto, v. 17, n. 4, p. 680-688,, 2008. ",-3202,1,8,2016,,Complementar**,GSA023,O cuidado de enfermagem na saúde mental,1400,1400201618,ENFERMAGEM - DIURNO,1,,,40,0,Biblioteca Chapecó,0,,1
"NUNES FILHO, Eustachio Portella; BUENO, João Romildo; NARDI, Antonio Egidio. Psiquiatria e saúde mental: conceitos clínicos e terapêuticos fundamentais..  São Paulo: Atheneu, 1996. ",-3203,1,8,2016,,Complementar**,GSA023,O cuidado de enfermagem na saúde mental,1400,1400201618,ENFERMAGEM - DIURNO,1,,,40,0,Biblioteca Chapecó,0,,1
"TAVARES, Cláudia Mara de Melo. A educação permanente da equipe de enfermagem para o cuidado nos serviços de saúde mental.  Revista Texto contexto, v. 15, n. 2, p. 287-295, 2006. ",-3204,1,8,2016,,Complementar**,GSA023,O cuidado de enfermagem na saúde mental,1400,1400201618,ENFERMAGEM - DIURNO,1,,,40,0,Biblioteca Chapecó,0,,1
"LAKATOS, Eva Maria; MARCONI, Marina de Andrade. Metodologia do trabalho científico..  6. São Paulo: ATLAS, 2001. ",-3205,1,8,2016,,B¿sica**,GSA025,Pesquisa em enfermagem,1400,1400201618,ENFERMAGEM - DIURNO,1,,,40,0,Biblioteca Chapecó,0,,
"POLIT, Denise F.; BECK, Cheryl Tatano; HUNGLER, Bernadette. Fundamentos de pesquisa em enfermagem: métodos, avaliação e utilização.  5. Porto Alegre: ARTMED, 2004. ",-3206,1,8,2016,,B¿sica**,GSA025,Pesquisa em enfermagem,1400,1400201618,ENFERMAGEM - DIURNO,1,,,40,0,Biblioteca Chapecó,0,,
"ALVES-MAZZOTTI, Alda Judith; GEWANDSZNAJDER, Fernando. O método nas ciências sociais, naturais e sociais: pesquisa quantitativa-qualitativa.  2. São Paulo: Pioneira, 2000. ",-3207,1,8,2016,,Complementar**,GSA025,Pesquisa em enfermagem,1400,1400201618,ENFERMAGEM - DIURNO,1,,,40,0,Biblioteca Chapecó,0,,
"ELIZABETH, A. et al. Procedimentos e protocolos.  Rio de janeiro: Guanabara Koogan, 2006. ",-3208,1,8,2016,,Complementar**,GSA025,Pesquisa em enfermagem,1400,1400201618,ENFERMAGEM - DIURNO,1,,,40,0,Biblioteca Chapecó,0,,
"FURASTÉ, Pedro Augusto. Normas técnicas para o trabalho científico.  12. Porto Alegre: Dáctilo Plus, 2003. ",-3209,1,8,2016,,Complementar**,GSA025,Pesquisa em enfermagem,1400,1400201618,ENFERMAGEM - DIURNO,1,,,40,0,Biblioteca Chapecó,0,,
"OLIVEIRA, Sílvio Luiz de. Tratado de metodologia científica.  São Paulo: Pioneira, 2000. ",-3210,1,8,2016,,Complementar**,GSA025,Pesquisa em enfermagem,1400,1400201618,ENFERMAGEM - DIURNO,1,,,40,0,Biblioteca Chapecó,0,,
"RICHARDSON, Roberto Jarry. Pesquisa social: métodos e técnicas.  3. São Paulo: ATLAS, 1994. ",-3211,1,8,2016,,Complementar**,GSA025,Pesquisa em enfermagem,1400,1400201618,ENFERMAGEM - DIURNO,1,,,40,0,Biblioteca Chapecó,0,,
"TRENTINI, M.; PAIM, L. Pesquisa convergente assistencial.  2. Florianópolis: EdUFSC, 2004. ",-3212,1,8,2016,,Complementar**,GSA025,Pesquisa em enfermagem,1400,1400201618,ENFERMAGEM - DIURNO,1,,,40,0,Biblioteca Chapecó,0,,
"VIEIRA, S.; HOSSNE, W. S. Metodologia científica para a área da saúde.  Rio de Janeiro: Elsevier, 2002. ",-3213,1,8,2016,,Complementar**,GSA025,Pesquisa em enfermagem,1400,1400201618,ENFERMAGEM - DIURNO,1,,,40,0,Biblioteca Chapecó,0,,
"CANGUILHEM, G. O normal e o patológico.  Rio de Janeiro: Forense Universitária, 1979. ",-3215,1,9,2016,,B¿sica**,GSA046,Estágio curricular supervisionado I,1400,1400201619,ENFERMAGEM - DIURNO,1,,,40,0,Biblioteca Chapecó,0,,
"CECÍLIO, L. C. O. (Org.). Inventando a mudança na saúde.  São Paulo: Hucitec, 1997. ",-3216,1,9,2016,,B¿sica**,GSA046,Estágio curricular supervisionado I,1400,1400201619,ENFERMAGEM - DIURNO,1,,,40,0,Biblioteca Chapecó,0,,
"GÓIS, Cezar Wagner de Lima. Saúde Comunitária ¿ Pensar e Fazer.  São Paulo: HUCITEC, 2008. ",-3217,1,9,2016,,B¿sica**,GSA046,Estágio curricular supervisionado I,1400,1400201619,ENFERMAGEM - DIURNO,1,,,40,0,Biblioteca Chapecó,0,,
"MENDES, E. V. Uma agenda para a saúde.  São Paulo: Hucitec, 1996. ",-3221,1,9,2016,,B¿sica**,GSA046,Estágio curricular supervisionado I,1400,1400201619,ENFERMAGEM - DIURNO,1,,,40,0,Biblioteca Chapecó,0,,
"GAUTHIER, J. H. M.; CABRAL, I. E.; SANTOS, I.; TAVARES, C. M. M. Pesquisa em enfermagem: novas metodologias aplicadas.  Rio de Janeiro: Guanabara Koogan, 1997. ",-3222,1,9,2016,,Complementar**,GSA046,Estágio curricular supervisionado I,1400,1400201619,ENFERMAGEM - DIURNO,1,,,40,0,Biblioteca Chapecó,0,,1
"MERHY, E. E.; ONOCKO, R. Agir em saúde ¿ um desafio para o público.  São Paulo: Hucitec, 2002. ",-3223,1,9,2016,,Complementar**,GSA046,Estágio curricular supervisionado I,1400,1400201619,ENFERMAGEM - DIURNO,1,,,40,0,Biblioteca Chapecó,0,,1
"MINAYO, Maria Cecília de Souza; ASSIS, Simone Gonçalves; SOUZA, Edinilsa Ramos (Org.). Avaliação por Triangulação de Métodos: abordagem de programas sociais.  Rio de Janeiro: FioCruz, 2005. ",-3224,1,9,2016,,Complementar**,GSA046,Estágio curricular supervisionado I,1400,1400201619,ENFERMAGEM - DIURNO,1,,,40,0,Biblioteca Chapecó,0,,1
"MORAES, I. H. S. Informações em saúde ¿ da prática fragmentada ao exercício da cidadania..  São Paulo: Hucitec/Abrasco, 1994. ",-3225,1,9,2016,,Complementar**,GSA046,Estágio curricular supervisionado I,1400,1400201619,ENFERMAGEM - DIURNO,1,,,40,0,Biblioteca Chapecó,0,,1
"PESSINI, L.; BERTACHINI, L. (Org.). Humanização e cuidados paliativos.  São Paulo: Loyola, 2004. ",-3226,1,9,2016,,Complementar**,GSA046,Estágio curricular supervisionado I,1400,1400201619,ENFERMAGEM - DIURNO,1,,,40,0,Biblioteca Chapecó,0,,1
"PHILIPPINI, A. Cartografias da coragem. Rotas em arteterapia.  Rio de Janeiro: Pomar, 2000. ",-3227,1,9,2016,,Complementar**,GSA046,Estágio curricular supervisionado I,1400,1400201619,ENFERMAGEM - DIURNO,1,,,40,0,Biblioteca Chapecó,0,,1
"SCHIER, J. Tecnologia de educação em saúde: O Grupo Aqui e Agora.  Porto Alegre: Sulina, 2004. ",-3228,1,9,2016,,Complementar**,GSA046,Estágio curricular supervisionado I,1400,1400201619,ENFERMAGEM - DIURNO,1,,,40,0,Biblioteca Chapecó,0,,1
"SILVA, Joana Azevedo; DALMASO, Ana Sílvia Whitaker. Agente Comunitário de Saúde: o ser, o saber, o fazer..  Rio de Janeiro: FIOCRUZ, 2006. ",-3229,1,9,2016,,Complementar**,GSA046,Estágio curricular supervisionado I,1400,1400201619,ENFERMAGEM - DIURNO,1,,,40,0,Biblioteca Chapecó,0,,1
"VASCONCELOS, E. M. Educação Popular e a atenção à Saúde da Família.  São Paulo: Hucitec, 1999. ",-3230,1,9,2016,,Complementar**,GSA046,Estágio curricular supervisionado I,1400,1400201619,ENFERMAGEM - DIURNO,1,,,40,0,Biblioteca Chapecó,0,,1
"GOLDIN, J. R. Manual de iniciação a pesquisa em saúde.  Porto Alegre: Dacasa, 2000. ",-3231,1,9,2016,,B¿sica**,GSA048,Trabalho de conclusão de curso I,1400,1400201619,ENFERMAGEM - DIURNO,1,,,40,0,Biblioteca Chapecó,0,,
"LOBIONDO-WOOD, G. Pesquisa em enfermagem.  Rio de Janeiro: Guanabara Koogan, 2001. ",-3232,1,9,2016,,B¿sica**,GSA048,Trabalho de conclusão de curso I,1400,1400201619,ENFERMAGEM - DIURNO,1,,,40,0,Biblioteca Chapecó,0,,
"ROSEN, G. Uma história da saúde pública..  São Paulo: Hucitec/Unesp, 1994. ",-3233,1,9,2016,,B¿sica**,GSA048,Trabalho de conclusão de curso I,1400,1400201619,ENFERMAGEM - DIURNO,1,,,40,0,Biblioteca Chapecó,0,,
"MERCADO, F. J.; GASTALDO. D.; CALDERÓN, C. Paradigmas y diseños de investigación cualitativa em salud: uma antologia iberoamericana.  Guadalajara: Univ. Guadalajara, 2002. ",-3234,1,9,2016,,Complementar**,GSA048,Trabalho de conclusão de curso I,1400,1400201619,ENFERMAGEM - DIURNO,1,,,40,0,Biblioteca Chapecó,0,,
